DateOfGame,Team,Opponent,PointsScored,FieldGoalAttempts,FieldGoalsMade,OffensiveRebounds,Assists,Turnovers,WinOrLoss,OffensiveEfficency,EfficentPointsScored,RawEOP
12/3/2020,Kaukauna,Appleton North,73,51,20,10,7,11,Win,0.457627119,33.40677966,35.84135593
12/4/2020,Kaukauna,Oshkosh West,72,48,25,3,14,10,Win,0.565217391,40.69565217,46.70956522
12/8/2020,Kaukauna,Appleton East,86,56,27,6,14,15,Win,0.518987342,44.63291139,50.15493671
12/11/2020,Kaukauna,Hortonville,72,55,25,12,14,21,Win,0.5,36,41.32
12/12/2020,Kaukauna,De Pere,61,54,21,6,13,7,Loss,0.5,30.5,35.44
12/15/2020,Kaukauna,Kimberly,64,72,20,5,12,6,Loss,0.376470588,24.09411765,27.52752941
12/18/2020,Kaukauna,Oshkosh North,73,62,29,12,14,16,Loss,0.5375,39.2375,44.9565
12/21/2020,Kaukauna,Fond du Lac,73,57,29,10,12,13,Loss,0.569444444,41.56944444,46.76277778
12/23/2020,Kaukauna,Neenah,43,44,13,6,8,12,Loss,0.362068966,15.56896552,17.77034483
12/29/2020,Kaukauna,Pius XI Catholic,96,62,39,12,26,13,Win,0.730337079,70.11235955,84.54382022
12/30/2020,Kaukauna,Greendale,71,46,25,10,17,12,Win,0.646153846,45.87692308,54.22523077
1/5/2021,Kaukauna,Appleton West,105,67,39,15,26,8,Win,0.755813953,79.36046512,94.29534884
1/7/2021,Kaukauna,Appleton North,66,57,25,5,17,8,Win,0.545454545,36,43.04727273
1/11/2021,Kaukauna,Seymour,92,57,34,9,16,13,Win,0.649350649,59.74025974,67.63636364
1/12/2021,Kaukauna,Neenah,78,52,29,8,15,8,Loss,0.656716418,51.2238806,58.71044776
1/15/2021,Kaukauna,Oshkosh West,57,46,19,10,11,12,Win,0.508474576,28.98305085,33.23389831
1/16/2021,Kaukauna,Tomah,55,52,17,7,13,14,Loss,0.416666667,22.91666667,27.03333333
1/19/2021,Kaukauna,Green Bay Southwest,93,60,36,9,18,10,Win,0.683544304,63.56962025,72.92050633
1/22/2021,Kaukauna,Hortonville,96,72,37,19,28,7,Win,0.738636364,70.90909091,86.62727273
1/23/2021,Kaukauna,Appleton West,99,63,34,10,29,11,Win,0.677419355,67.06451613,81.99483871
1/29/2021,Kaukauna,Kimberly,65,58,23,6,12,13,Loss,0.454545455,29.54545455,33.69090909
12/1/2020,Appleton East,Neenah,72,38,23,3,14,13,Loss,0.596774194,42.96774194,49.31741935
12/4/2020,Appleton East,Appleton West,67,53,25,15,20,11,Win,0.652173913,43.69565217,53.60869565
12/8/2020,Appleton East,Kaukauna,70,51,23,7,18,26,Loss,0.465909091,32.61363636,38.98727273
12/11/2020,Appleton East,Fond du Lac,65,57,27,6,17,7,Loss,0.586666667,38.13333333,45.71306667
12/12/2020,Appleton East,Bay Port,48,49,16,10,9,20,Loss,0.367647059,17.64705882,20.16176471
12/15/2020,Appleton East,Appleton North ,62,52,25,4,14,13,Loss,0.52,32.24,37.7728
12/18/2020,Appleton East,Oshkosh West,58,40,22,4,14,15,Win,0.553846154,32.12307692,38.016
12/22/2020,Appleton East,Hortonville,64,47,18,6,15,7,Win,0.523809524,33.52380952,39.4952381
1/9/2021,Appleton East,Neenah,34,40,14,5,12,12,Loss,0.440677966,14.98305085,19.0020339
1/15/2021,Appleton East,Appleton West,77,51,27,7,23,7,Win,0.675675676,52.02702703,63.83783784
1/18/2021,Appleton East,Xavier,72,57,26,4,21,13,Loss,0.540229885,38.89655172,47.51862069
1/19/2021,Appleton East,Kimberly,50,44,15,4,10,12,Loss,0.403225806,20.16129032,23.22580645
1/22/2021,Appleton East,Fond du Lac,66,50,23,10,16,7,Loss,0.619047619,40.85714286,48.3847619
1/23/2021,Appleton East,Oshkosh North ,74,51,26,5,19,11,Win,0.592105263,43.81578947,52.36578947
1/26/2021,Appleton East,Oshkosh North ,81,57,33,2,28,8,Loss,0.67032967,54.2967033,68.56131868
1/29/2021,Appleton East,Appleton North ,41,42,18,2,13,11,Loss,0.484375,19.859375,24.645
12/3/2020,Appleton North,Kaukauna,55,49,21,7,18,17,Loss,0.506493506,27.85714286,34.78597403
12/5/2020,Appleton North,Neenah,54,42,17,5,9,21,Loss,0.388059701,20.95522388,23.60955224
12/8/2020,Appleton North,Oshkosh North,66,52,24,8,12,13,Win,0.52173913,34.43478261,39.19304348
12/11/2020,Appleton North,Appleton West,73,57,25,14,18,17,Win,0.551282051,40.24358974,47.78512821
12/15/2020,Appleton North,Appleton East,67,50,23,6,11,14,Win,0.492753623,33.01449275,37.13391304
12/18/2020,Appleton North,Fond du Lac,74,57,30,8,12,12,Win,0.575342466,42.57534247,47.82246575
12/21/2020,Appleton North,Oshkosh West,63,48,18,12,15,13,Loss,0.515625,32.484375,38.3625
12/22/2020,Appleton North,Menasha,82,65,33,9,13,12,Win,0.567901235,46.56790123,52.17876543
12/29/2020,Appleton North,Ashwaubenon,59,42,22,4,13,13,Win,0.546875,32.265625,37.66875
1/2/2021,Appleton North,Shawano,43,39,16,5,13,15,Loss,0.467741935,20.11290323,24.73419355
1/7/2021,Appleton North,Kaukauna,62,54,23,6,14,10,Loss,0.513888889,31.86111111,37.32888889
1/12/2021,Appleton North,Hortonville,62,51,23,7,18,16,Loss,0.525641026,32.58974359,39.78051282
1/15/2021,Appleton North,Neenah,37,38,14,6,8,0,Loss,0.55,20.35,23.694
1/18/2021,Appleton North,Hortonville,60,39,19,5,10,21,Win,0.446153846,26.76923077,30.16
1/21/2021,Appleton North,Kimberly,58,48,18,5,14,8,Loss,0.492307692,28.55384615,33.792
1/22/2021,Appleton North,Appleton West,48,42,15,7,9,13,Win,0.421052632,20.21052632,23.09052632
1/23/2021,Appleton North,Mantiowoc Lincoln,62,40,20,5,10,7,Win,0.576923077,35.76923077,40.15384615
1/26/2021,Appleton North,Kimberly,42,39,14,7,6,13,Loss,0.392156863,16.47058824,18.25882353
1/29/2021,Appleton North,Appleton East,51,54,19,12,12,13,Win,0.462686567,23.59701493,27.81671642
12/1/2020,Appleton West,Fond du Lac,53,42,18,5,5,17,Loss,0.389830508,20.66101695,22.14237288
12/4/2020,Appleton West,Appleton East,58,52,25,11,8,16,Loss,0.507692308,29.44615385,32.53292308
12/8/2020,Appleton West,Neenah,41,41,13,9,7,21,Loss,0.333333333,13.66666667,15.44
12/11/2020,Appleton West,Appleton North,45,58,18,8,15,14,Loss,0.417721519,18.79746835,23.55949367
12/12/2020,Appleton West,Notre Dame,55,53,21,9,6,23,Loss,0.369863014,20.34246575,22.0290411
12/18/2020,Appleton West,Hortonville,51,60,19,15,13,23,Loss,0.395061728,20.14814815,24.05135802
12/21/2020,Appleton West,Kimberly,56,52,19,6,11,21,Loss,0.384615385,21.53846154,24.75384615
12/23/2020,Appleton West,Saint Mary's Springs,60,49,22,13,7,15,Win,0.5,30,32.66
12/30/2020,Appleton West,Oshkosh North,60,58,26,13,18,15,Loss,0.564102564,33.84615385,41.56307692
1/8/2021,Appleton West,Fond du Lac,42,55,16,12,10,7,Loss,0.433333333,18.2,21.49333333
1/12/2021,Appleton West,Oshkosh North,60,52,21,5,5,10,Loss,0.419354839,25.16129032,26.75483871
1/15/2021,Appleton West,Appleton East,51,61,20,15,5,10,Loss,0.409836066,20.90163934,22.45901639
1/18/2021,Appleton West,Wisconsin Rapids,57,51,22,5,8,13,Loss,0.447761194,25.52238806,28.24477612
1/22/2021,Appleton West,Appleton North,36,52,12,11,7,13,Loss,0.31147541,11.21311475,12.87016393
1/23/2021,Appleton West,Kaukauna,62,59,22,5,14,14,Loss,0.43902439,27.2195122,31.89073171
1/29/2021,Appleton West,Oshkosh West,57,45,22,10,7,16,Loss,0.5,28.5,31.16
1/30/2021,Appleton West,Roncalli ,65,53,22,11,17,12,Win,0.549295775,35.70422535,42.80112676
12/1/2020,Fond du Lac,Appleton West,81,50,27,5,12,8,Win,0.6,48.6,54.072
12/4/2020,Fond du Lac,Kimberly,65,52,22,4,8,9,Loss,0.461538462,30,32.80615385
12/8/2020,Fond du Lac,Hortonville,60,59,20,10,13,13,Loss,0.44,26.4,30.7472
12/11/2020,Fond du Lac,Appleton East,67,68,30,8,16,12,Win,0.522727273,35.02272727,41.37909091
12/12/2020,Fond du Lac,Brookfield East,57,44,20,6,4,16,Loss,0.413793103,23.5862069,24.84413793
12/15/2020,Fond du Lac,Oshkosh North,74,52,21,6,13,14,Win,0.465753425,34.46575342,39.06739726
12/18/2020,Fond du Lac,Appleton North,71,58,24,11,13,15,Loss,0.493333333,35.02666667,39.9008
12/21/2020,Fond du Lac,Kaukauna,77,49,25,4,13,10,Win,0.558823529,43.02941176,48.55058824
12/30/2020,Fond du Lac,West Bend East,61,40,18,10,11,17,Win,0.5,30.5,34.68
1/2/2021,Fond du Lac,Ashwaubenon,65,47,23,7,13,4,Loss,0.631578947,41.05263158,47.29263158
1/5/2021,Fond du Lac,Neenah,50,35,18,2,13,16,Win,0.5,25,29.94
1/8/2021,Fond du Lac,Appleton West,58,49,19,10,8,13,Win,0.45,26.1,28.836
1/12/2021,Fond du Lac,Oshkosh West,69,41,19,4,12,12,Win,0.508196721,35.06557377,39.70032787
1/18/2021,Fond du Lac,Oak Creek,82,45,22,10,14,6,Win,0.654545455,53.67272727,60.63709091
1/22/2021,Fond du Lac,Appleton East,76,46,28,1,17,5,Win,0.671641791,51.04477612,59.72238806
1/23/2021,Fond du Lac,Neenah,53,42,18,2,12,9,Loss,0.491803279,26.06557377,30.55081967
1/25/2021,Fond du Lac,Oshkosh West,66,52,22,9,13,14,Win,0.5,33,37.94
1/29/2021,Fond du Lac,Oshkosh North ,81,46,29,3,20,12,Win,0.653333333,52.92,62.85066667
12/4/2020,Hortonville,Oshkosh North,87,63,32,14,9,11,Win,0.594202899,51.69565217,55.76
12/8/2020,Hortonville,Fond du Lac,70,61,24,12,12,15,Win,0.473684211,33.15789474,37.47789474
12/11/2020,Hortonville,Kaukauna,66,62,28,15,16,21,Loss,0.523809524,34.57142857,40.94095238
12/15/2020,Hortonville,Neenah,67,50,25,8,13,14,Loss,0.550724638,36.89855072,42.33971014
12/18/2020,Hortonville,Appleton West,74,73,26,17,17,12,Win,0.505882353,37.43529412,43.97129412
12/22/2020,Hortonville,Appleton East,55,50,23,6,17,15,Loss,0.526315789,28.94736842,35.74736842
12/29/2020,Hortonville,New London,59,57,25,12,10,18,Loss,0.479452055,28.28767123,31.93150685
1/5/2021,Hortonville,Oshkosh West,71,59,28,12,16,9,Win,0.611111111,43.38888889,50.82
1/12/2021,Hortonville,Appleton North,66,65,25,15,17,11,Win,0.538461538,35.53846154,42.49538462
1/15/2021,Hortonville,Oshkosh North,69,65,28,12,19,16,Win,0.534090909,36.85227273,44.56454545
1/18/2021,Hortonville,Appleton North,48,53,13,11,9,15,Loss,0.333333333,16,18.28
1/19/2021,Hortonville,West De Pere,75,50,25,13,12,19,Win,0.544117647,40.80882353,45.77117647
1/21/2021,Hortonville,Oshkosh West,62,53,22,10,12,15,Loss,0.485714286,30.11428571,34.544
1/22/2021,Hortonville,Kaukauna,57,58,23,7,6,13,Loss,0.414285714,23.61428571,25.50342857
1/25/2021,Hortonville,Seymour,53,46,21,7,11,11,Loss,0.524590164,27.80327869,32.18885246
1/29/2021,Hortonville,Neenah,59,45,19,8,15,20,Loss,0.472222222,27.86111111,33.24444444
12/4/2020,Kimberly,Fond du Lac,105,64,43,6,26,4,Win,0.784090909,82.32954545,97.82318182
12/8/2020,Kimberly,Oshkosh West,70,59,27,10,14,7,Win,0.585714286,41,47.232
12/11/2020,Kimberly,Oshkosh North,108,75,40,14,17,8,Win,0.662790698,71.58139535,80.14465116
12/15/2020,Kimberly,Kaukauna,103,70,43,13,21,12,Win,0.711111111,73.24444444,84.59377778
12/18/2020,Kimberly,Neenah,56,52,23,21,11,7,Loss,0.693877551,38.85714286,44.65795918
12/21/2020,Kimberly,Appleton West,90,54,32,9,16,12,Win,0.657534247,59.17808219,67.17369863
12/23/2020,Kimberly,Pewaukee,83,66,32,8,17,5,Win,0.6125,50.8375,58.751
12/29/2020,Kimberly,Menomonee Falls,63,65,24,5,9,9,Loss,0.423076923,26.65384615,29.54769231
12/30/2020,Kimberly,Seymour,77,56,35,9,20,10,Win,0.714285714,55,65.85714286
1/19/2021,Kimberly,Appleton East,84,65,35,10,17,7,Win,0.658227848,55.29113924,63.79544304
1/21/2021,Kimberly,Appleton North,78,55,32,8,19,6,Win,0.708333333,55.25,65.47833333
1/22/2021,Kimberly,Oshkosh North,83,59,35,11,23,9,Win,0.725,60.175,72.848
1/23/2021,Kimberly,Sussex Hamilton,84,61,34,10,18,13,Win,0.634146341,53.26829268,61.94341463
12/1/2020,Neenah,Appleton East,73,58,29,12,14,9,Win,0.623188406,45.49275362,52.12347826
12/5/2020,Neenah,Appleton North,87,64,33,13,19,7,Win,0.675324675,58.75324675,68.50493506
12/8/2020,Neenah,Appleton West,85,60,32,17,18,8,Win,0.724637681,61.5942029,71.50724638
12/11/2020,Neenah,Oshkosh West,80,49,31,8,22,19,Win,0.646341463,51.70731707,62.51414634
12/15/2020,Neenah,Hortonville,77,56,28,14,21,15,Win,0.628205128,48.37179487,58.39794872
12/18/2020,Neenah,Kimberly,62,52,22,7,11,7,Win,0.523809524,32.47619048,36.8552381
12/21/2020,Neenah,Oshkosh North,83,53,28,11,21,11,Win,0.662162162,54.95945946,65.52756757
12/23/2020,Neenah,Kaukauna,78,53,31,6,21,7,Win,0.693333333,54.08,65.1456
12/30/2020,Neenah,Bay Port,85,53,30,11,17,16,Win,0.626666667,53.26666667,61.3632
1/2/2021,Neenah,Pewaukee,77,55,30,5,18,7,Loss,0.64,49.28,58.0352
1/5/2021,Neenah,Fond du Lac,67,53,28,9,20,9,Win,0.657534247,44.05479452,54.04931507
1/9/2021,Neenah,Appleton East,59,44,23,5,12,11,Win,0.564516129,33.30645161,38.45483871
1/12/2021,Neenah,Kaukauna,87,51,30,6,16,6,Win,0.686567164,59.73134328,68.08
1/15/2021,Neenah,Appleton North,49,42,18,5,12,7,Win,0.535714286,26.25,31.13571429
1/16/2021,Neenah,Nicolet,70,61,31,11,21,14,Win,0.611764706,42.82352941,52.58729412
1/22/2021,Neenah,Oshkosh West,64,51,26,11,19,13,Win,0.625,40,49.025
1/23/2021,Neenah,Fond du Lac,62,41,22,8,13,7,Win,0.660377358,40.94339623,47.46792453
1/29/2021,Neenah,Hortonville,72,50,26,12,20,15,Win,0.630136986,45.36986301,54.94794521
1/30/2021,Neenah,Marshfield,64,51,27,9,20,10,Win,0.652777778,41.77777778,51.7
12/4/2020,Oshkosh North,Hortonville,74,52,28,4,15,19,Loss,0.524390244,38.80487805,44.78292683
12/5/2020,Oshkosh North,Oshkosh West,66,44,21,9,9,12,Win,0.535714286,35.35714286,39.02142857
12/8/2020,Oshkosh North,Appleton North,65,46,23,8,13,19,Loss,0.514285714,33.42857143,38.50971429
12/11/2020,Oshkosh North,Kimberly,76,53,27,8,12,22,Loss,0.493670886,37.51898734,42.02126582
12/12/2020,Oshkosh North,Ashwaubenon,76,45,29,3,16,18,Win,0.592105263,45,52.2
12/15/2020,Oshkosh North,Fond du Lac,69,47,24,2,9,15,Loss,0.47826087,33,36.27130435
12/18/2020,Oshkosh North,Kaukauna,74,62,28,13,12,18,Win,0.506329114,37.46835443,42.08607595
12/21/2020,Oshkosh North,Neenah,56,25,13,3,12,13,Loss,0.531914894,29.78723404,34.63829787
12/29/2020,Oshkosh North,Beaver Dam,75,50,24,4,12,16,Loss,0.486486486,36.48648649,40.92324324
12/30/2020,Oshkosh North,Appleton West,76,54,27,12,24,13,Win,0.64556962,49.06329114,60.83848101
1/8/2021,Oshkosh North,Oshkosh West,50,40,14,4,9,11,Loss,0.410714286,20.53571429,23.345
1/9/2021,Oshkosh North,Milton,72,50,26,6,12,11,Loss,0.567164179,40.8358209,46.00835821
1/12/2021,Oshkosh North,Appleton West,83,61,29,17,15,13,Win,0.611111111,50.72222222,57.68888889
1/15/2021,Oshkosh North,Hortonville,55,54,19,10,13,23,Loss,0.4,22,25.952
1/22/2021,Oshkosh North,Kimberly,66,51,21,8,11,16,Loss,0.457142857,30.17142857,33.99314286
1/23/2021,Oshkosh North,Appleton East,72,50,23,6,13,7,Loss,0.5625,40.5,46.0575
1/26/2021,Oshkosh North,Appleton East,89,51,32,5,15,11,Win,0.652777778,58.09722222,65.53888889
1/29/2021,Oshkosh North,Fond du Lac,74,54,29,10,13,11,Loss,0.617647059,45.70588235,51.80823529
1/30/2021,Oshkosh North,West Bend East,64,47,22,11,8,14,Loss,0.517241379,33.10344828,36.24827586
12/4/2020,Oshkosh West,Kaukauna,63,58,25,8,15,14,Loss,0.506329114,31.89873418,37.67088608
12/5/2020,Oshkosh West,Oshkosh North,62,48,23,12,22,17,Loss,0.6,37.2,47.232
12/8/2020,Oshkosh West,Kimberly,54,49,21,8,9,22,Loss,0.416666667,22.5,25.35
12/11/2020,Oshkosh West,Neenah,51,38,16,6,10,21,Loss,0.412698413,21.04761905,24.18412698
12/15/2020,Oshkosh West,Appleton West,71,54,29,8,15,14,Win,0.586666667,41.65333333,48.34133333
12/18/2020,Oshkosh West,Appleton East,53,43,19,4,12,16,Loss,0.462686567,24.52238806,28.74208955
12/19/2020,Oshkosh West,Wisconsin Rapids,77,65,30,14,14,7,Win,0.611111111,47.05555556,53.55777778
12/21/2020,Oshkosh West,Appleton North,69,38,23,2,18,19,Win,0.561643836,38.75342466,46.43671233
12/22/2020,Oshkosh West,De Pere,50,39,19,3,10,9,Win,0.527272727,26.36363636,30.37090909
1/5/2021,Oshkosh West,Hortonville,64,52,24,12,16,16,Loss,0.555555556,35.55555556,42.31111111
1/8/2021,Oshkosh West,Oshkosh North,65,46,21,6,14,8,Win,0.564516129,36.69354839,42.7
1/12/2021,Oshkosh West,Fond du Lac,57,54,23,9,12,7,Loss,0.546875,31.171875,36.159375
1/15/2021,Oshkosh West,Kaukauna,52,57,19,11,12,10,Loss,0.455882353,23.70588235,27.86352941
1/16/2021,Oshkosh West,Germantown,68,39,26,4,9,11,Win,0.636363636,43.27272727,47.62545455
1/19/2021,Oshkosh West,Green Bay West,63,60,19,18,10,6,Win,0.5,31.5,35.3
1/21/2021,Oshkosh West,Hortonville,68,48,23,10,14,15,Win,0.552238806,37.55223881,43.4280597
1/22/2021,Oshkosh West,Neenah,47,42,16,5,6,16,Loss,0.372881356,17.52542373,19.22576271
1/25/2021,Oshkosh West,Fond du Lac,63,60,22,8,9,8,Loss,0.449275362,28.30434783,31.3773913
1/28/2021,Oshkosh West,Waunakee,63,51,19,4,10,14,Loss,0.408450704,25.73239437,28.83661972
